Prompt Number,Program Code,LLM Output,Modified Program Code,Modified Unit Test Code,Tests Passed?,Number of Tests Passed,Number of Tests Failed,Total Number of Tests,Pass Percentage (%),Branch Coverage (%),Entire Test Duration (s),Individual Test Duration (s)
Description,"Extracted from the Humaneval Dataset.
Used as an Input into Claude-2's API","* Large Language Model (LLM)
Generated by Claude-2's API,
Prompt: ""Write unit tests for the following Python code using Pytest. First provide the function followed by the test code. The code is: {Column_B}""","The programs extracted from the Humaneval
dataset do not contain function definitions. 
This column represents the code refactored with function
declariration.","Since the output response from Claude contains the contents from Coloumn E, adjustmnets needed to be made to the Unit Test files.",,,,,,,,
1,"    for idx, elem in enumerate(numbers):
        for idx2, elem2 in enumerate(numbers):
            if idx != idx2:
                distance = abs(elem - elem2)
                if distance < threshold:
                    return True

    return False
","Here is the test code and function to test

```python
import pytest
# Function to test
def has_close_elements(numbers, threshold):
    for idx, elem in enumerate(numbers):
        for idx2, elem2 in enumerate(numbers):
            if idx != idx2:
                distance = abs(elem - elem2)
                if distance < threshold:
                    return True
    
    return False
@pytest.mark.parametrize(""numbers, threshold, expected"", [
    ([1, 2, 3, 4], 0.5, False),
    ([1, 2, 3, 3.1], 0.5, True),
    ([10, 20, 30], 5, False),
    ([10, 20, 25], 5, True)
])
def test_has_close_elements(numbers, threshold, expected):
    assert has_close_elements(numbers, threshold) == expected
```","def has_close_elements(numbers, threshold):
    for idx, elem in enumerate(numbers):
        for idx2, elem2 in enumerate(numbers):
            if idx != idx2:
                distance = abs(elem - elem2)
                if distance < threshold:
                    return True
    
    return False
","
import pytest
from program1 import has_close_elements
@pytest.mark.parametrize(""numbers, threshold, expected"", [
    ([1, 2, 3, 4], 0.5, False),
    ([1, 2, 3, 3.1], 0.5, True),
    ([10, 20, 30], 5, False),
    ([10, 20, 25], 5, True)
])
def test_has_close_elements(numbers, threshold, expected):
    assert has_close_elements(numbers, threshold) == expected",FALSE,3,1,4,75.00,100.00,0.12,0.03
2,"    result = []
    current_string = []
    current_depth = 0

    for c in paren_string:
        if c == '(':
            current_depth += 1
            current_string.append(c)
        elif c == ')':
            current_depth -= 1
            current_string.append(c)

            if current_depth == 0:
                result.append(''.join(current_string))
                current_string.clear()

    return result
","Here are some Pytest unit tests 

```python
def decompose(paren_string):
    result = []
    current_string = []
    current_depth = 0

    for c in paren_string:
        if c == '(':
            current_depth += 1
            current_string.append(c)
        elif c == ')':
            current_depth -= 1 
            current_string.append(c)

            if current_depth == 0:
                result.append(''.join(current_string))
                current_string.clear()

    return result

import pytest

def test_empty_string():
    assert decompose("""") == []

def test_single_parens():
    assert decompose(""()"") == [""()""]

def test_nested_parens():
    assert decompose(""(()())"") == [""()"", ""(())""]

def test_interleaved_parens():
    assert decompose(""()()()"") == [""()"", ""()"", ""()""]

def test_invalid_input():
    with pytest.raises(IndexError):
        decompose(""("")
```","def decompose(paren_string):
    result = []
    current_string = []
    current_depth = 0

    for c in paren_string:
        if c == '(':
            current_depth += 1
            current_string.append(c)
        elif c == ')':
            current_depth -= 1 
            current_string.append(c)

            if current_depth == 0:
                result.append(''.join(current_string))
                current_string.clear()

    return result","import pytest
from program2 import decompose

def test_empty_string():
    assert decompose("""") == []

def test_single_parens():
    assert decompose(""()"") == [""()""]

def test_nested_parens():
    assert decompose(""(()())"") == [""()"", ""(())""]

def test_interleaved_parens():
    assert decompose(""()()()"") == [""()"", ""()"", ""()""]

def test_invalid_input():
    with pytest.raises(IndexError):
        decompose(""("")",FALSE,3,2,5,60.00,97.00,0.16,0.03
3,"    return number % 1.0
","Here is the test code using pytest:
```python
import pytest
# Function to test
def is_integer(number):
    return number % 1.0 == 0.0
def test_is_integer_with_integer():
    assert is_integer(5) == True
def test_is_integer_with_float():
    assert is_integer(5.5) == False
def test_is_integer_with_negative_integer():
    assert is_integer(-5) == True
def test_is_integer_with_string():
    with pytest.raises(TypeError):
        is_integer(""hello"")
```
This tests:
- Positive integer returns True
- Float number returns False 
- Negative integer returns True
- Passing string raises TypeError
Using pytest's assert statements and raises validation for exceptions. This covers some basic cases to validate the is_integer function. Additional test cases could be added for border cases like large numbers, more invalid inputs etc.","def is_integer(number):
    return number % 1.0 == 0.0

","from program3 import is_integer
import pytest
# Function to test
def is_integer(number):
    return number % 1.0 == 0.0
def test_is_integer_with_integer():
    assert is_integer(5) == True
def test_is_integer_with_float():
    assert is_integer(5.5) == False
def test_is_integer_with_negative_integer():
    assert is_integer(-5) == True
def test_is_integer_with_string():
    with pytest.raises(TypeError):
        is_integer(""hello"")",TRUE,4,0,4,100.00,94.00,0.14,0.04
4,"    balance = 0

    for op in operations:
        balance += op
        if balance < 0:
            return True

    return False
","# Function


    def check_negative_balance(operations):
        balance = 0
        for op in operations:
            balance += op
            if balance < 0:
                return True
        return False



    # Tests


    import pytest


    def test_empty_operations():
        assert check_negative_balance([]) == False


    def test_all_positive_operations():
        assert check_negative_balance([1, 2, 3]) == False


    def test_negative_balance():
        assert check_negative_balance([-5, 1, -6]) == True


    def test_positive_then_negative():
        assert check_negative_balance([1, 2, -10]) == True ","def check_negative_balance(operations):
        balance = 0
        for op in operations:
            balance += op
            if balance < 0:
                return True
        return False","from program4 import check_negative_balance
import pytest

def test_empty_operations():
    assert check_negative_balance([]) == False


def test_all_positive_operations():
    assert check_negative_balance([1, 2, 3]) == False


def test_negative_balance():
    assert check_negative_balance([-5, 1, -6]) == True

def test_positive_then_negative():
    assert check_negative_balance([1, 2, -10]) == True ",TRUE,4,0,4,100.00,100.00,0.14,0.04
5,"    mean = sum(numbers) / len(numbers)
    return sum(abs(x - mean) for x in numbers) / len(numbers)
","def mean_absolute_deviation(numbers):
    mean = sum(numbers) / len(numbers)
    return sum(abs(x - mean) for x in numbers) / len(numbers)

import pytest

def test_mean_absolute_deviation():
    numbers = [1,2,3]
    expected = 2/3
    result = mean_absolute_deviation(numbers)
    assert result == pytest.approx(expected)

    numbers = [1,1,1,1]
    expected = 0
    result = mean_absolute_deviation(numbers) 
    assert result == expected

    numbers = []
    with pytest.raises(ZeroDivisionError):
        mean_absolute_deviation(numbers)

The key things I have done:

- Defined the function mean_absolute_deviation 
- Imported pytest 
- Wrote a test function test_mean_absolute_deviation
- Tested normal case with a sample input and expected output
- Tested edge case of all same numbers, expecting 0 deviation
- Tested error case with empty input raising ZeroDivisionError
- Used pytest assertions like assert and pytest.raises to validate results

Let me know if you need any other tests or have additional requirements!","def mean_absolute_deviation(numbers):
    mean = sum(numbers) / len(numbers)
    return sum(abs(x - mean) for x in numbers) / len(numbers)","from program5 import mean_absolute_deviation
import pytest

def test_mean_absolute_deviation():
    numbers = [1,2,3]
    expected = 2/3
    result = mean_absolute_deviation(numbers)
    assert result == pytest.approx(expected)

    numbers = [1,1,1,1]
    expected = 0
    result = mean_absolute_deviation(numbers) 
    assert result == expected

    numbers = []
    with pytest.raises(ZeroDivisionError):
        mean_absolute_deviation(numbers)",TRUE,1,0,1,100.00,100.00,0.15,0.15
6,"    if not numbers:
        return []

    result = []

    for n in numbers[:-1]:
        result.append(n)
        result.append(delimeter)

    result.append(numbers[-1])

    return result
","Here are unit tests for the function using pytest:


```python
def join_list(numbers, delimeter):
    '''Joins items in a list with a delimeter and returns a new string'''
    if not numbers:
        return []

    result = []

    for n in numbers[:-1]:
        result.append(n)
        result.append(delimeter)

    result.append(numbers[-1])

    return result


import pytest


def test_empty_list():
    assert join_list([], ',') == []


def test_single_item():
    assert join_list([1], ',') == [1]


def test_multiple_items():
    assert join_list([1, 2, 3], ',') == [1, ',', 2, ',', 3]


def test_string_items():
    assert join_list(['a', 'b', 'c'], '.') == ['a', '.', 'b', '.', 'c']


def test_various_delimeter():
    assert join_list([1, 2, 3], '|') == [1, '|', 2, '|', 3]
```

The key points are:

- Test empty list 
- Test single item list
- Test multiple items 
- Test with strings 
- Test with different delimiter

This covers different code paths and edge cases to ensure the function works as expected. Let","def join_list(numbers, delimeter):
    '''Joins items in a list with a delimeter and returns a new string'''
    if not numbers:
        return []

    result = []

    for n in numbers[:-1]:
        result.append(n)
        result.append(delimeter)

    result.append(numbers[-1])

    return result","from program6 import join_list
import pytest


def test_empty_list():
    assert join_list([], ',') == []


def test_single_item():
    assert join_list([1], ',') == [1]


def test_multiple_items():
    assert join_list([1, 2, 3], ',') == [1, ',', 2, ',', 3]


def test_string_items():
    assert join_list(['a', 'b', 'c'], '.') == ['a', '.', 'b', '.', 'c']


def test_various_delimeter():
    assert join_list([1, 2, 3], '|') == [1, '|', 2, '|', 3]",TRUE,5,0,5,100.00,100.00,0.15,0.03
7,"    def parse_paren_group(s):
        depth = 0
        max_depth = 0
        for c in s:
            if c == '(':
                depth += 1
                max_depth = max(depth, max_depth)
            else:
                depth -= 1

        return max_depth

    return [parse_paren_group(x) for x in paren_string.split(' ') if x]
","Here are some Pytest unit tests for the parse_paren_group function:

```python
import pytest

def test_empty_string():
    assert parse_paren_group('') == 0

def test_no_parens():
    assert parse_paren_group('hello') == 0  

def test_balanced_parens():
    assert parse_paren_group('()(()())') == 3

def test_unbalanced_parens():
    assert parse_paren_group('(()') == 1

def test_nested_parens():
    assert parse_paren_group('((()))(())()()(()())') == 4

def test_multiple_groups():
    paren_string = '(()) () ((())) () (())'
    expected = [2, 0, 3, 0, 2]
    assert parse_paren_group(paren_string) == expected

def test_invalid_input():
    with pytest.raises(TypeError):
        parse_paren_group(5)
```

The key things tested:
- Empty input 
- Input without parens
- Balanced input
- Unbalanced input
- Nested parens
- Multiple groups
- Invalid input type

Pytest allows parameterizing tests, which helps reduce duplication for multiple related cases.","def parse_paren_group(s):
    depth = 0
    max_depth = 0
    for c in s:
        if c == '(':
            depth += 1
            max_depth = max(depth, max_depth)
        else:
            depth -= 1

    return max_depth
    return [parse_paren_group(x) for x in paren_string.split(' ') if x]

","from program7 import parse_paren_group
import pytest

def test_empty_string():
    assert parse_paren_group('') == 0

def test_no_parens():
    assert parse_paren_group('hello') == 0  

def test_balanced_parens():
    assert parse_paren_group('()(()())') == 3

def test_unbalanced_parens():
    assert parse_paren_group('(()') == 1

def test_nested_parens():
    assert parse_paren_group('((()))(())()()(()())') == 4

def test_multiple_groups():
    paren_string = '(()) () ((())) () (())'
    expected = [2, 0, 3, 0, 2]
    assert parse_paren_group(paren_string) == expected

def test_invalid_input():
    with pytest.raises(TypeError):
        parse_paren_group(5)",FALSE,3,4,7,42.86,100.00,0.21,0.03
8,"    return [x for x in strings if substring in x]
","Here is a pytest test for that function:

```python
def find_strings_with_substring(strings, substring):
    return [x for x in strings if substring in x]

import pytest

@pytest.mark.parametrize(""strings,substring,expected"", [
    ([""hello"",""world""], ""o"", [""hello"",""world""]) ,
    ([""foo"",""bar""], ""x"", []),
    ([""apple"", ""banana"", ""orange""], ""e"", [""apple"", ""orange""])
])
def test_find_strings_with_substring(strings, substring, expected):
    assert find_strings_with_substring(strings, substring) == expected
```

This tests the function with 3 different input sets:

- A list of strings that all contain the substring 
- A list of strings that don't contain the substring
- A mixed list of strings that tests if it properly filters

For each test case it verifies that the returned list matches the expected output. Pytest will run this test automatically and confirm if it passes or fails.","def find_strings_with_substring(strings, substring):
    return [x for x in strings if substring in x]","from program8 import find_strings_with_substring
import pytest

@pytest.mark.parametrize(""strings,substring,expected"", [
    ([""hello"",""world""], ""o"", [""hello"",""world""]) ,
    ([""foo"",""bar""], ""x"", []),
    ([""apple"", ""banana"", ""orange""], ""e"", [""apple"", ""orange""])
])
def test_find_strings_with_substring(strings, substring, expected):
    assert find_strings_with_substring(strings, substring) == expected",TRUE,3,0,3,100.00,100.00,0.15,0.05
9,"    sum_value = 0
    prod_value = 1

    for n in numbers:
        sum_value += n
        prod_value *= n
    return sum_value, prod_value
","Here is the test code using pytest:

```python
import pytest

def sum_and_prod(numbers):
    sum_value = 0
    prod_value = 1
    
    for n in numbers:
        sum_value += n
        prod_value *= n
    return sum_value, prod_value

def test_empty_list():
    assert sum_and_prod([]) == (0, 1)
    
def test_single_element():
    assert sum_and_prod([5]) == (5, 5)
    
def test_multi_element():
    assert sum_and_prod([1, 2, 3]) == (6, 6)
    
def test_negative_numbers():
    assert sum_and_prod([-1, -2, 3]) == (0, -6)
```

The test cases:

- Test with an empty list
- Test with a single element list 
- Test with multiple elements
- Test with negative numbers

The assert statements check the expected output against the actual output of the function. This validates both the sum and product are calculated correctly.

Let me know if you need any clarification or have additional questions!","def sum_and_prod(numbers):
    sum_value = 0
    prod_value = 1
    
    for n in numbers:
        sum_value += n
        prod_value *= n
    return sum_value, prod_value","from program9 import sum_and_prod
import pytest

def test_empty_list():
    assert sum_and_prod([]) == (0, 1)
    
def test_single_element():
    assert sum_and_prod([5]) == (5, 5)
    
def test_multi_element():
    assert sum_and_prod([1, 2, 3]) == (6, 6)
    
def test_negative_numbers():
    assert sum_and_prod([-1, -2, 3]) == (0, -6)",FALSE,3,1,4,75.00,100.00,0.16,0.04
10,"    running_max = None
    result = []

    for n in numbers:
        if running_max is None:
            running_max = n
        else:
            running_max = max(running_max, n)

        result.append(running_max)

    return result
","Here are some Pytest unit tests for this function:

```python
import pytest

def test_empty_list():
    numbers = []
    expected = []
    assert running_max(numbers) == expected

def test_one_element_list():
    numbers = [5] 
    expected = [5]
    assert running_max(numbers) == expected

def test_simple_list():
    numbers = [1, 3, 2, 4]
    expected = [1, 3, 3, 4] 
    assert running_max(numbers) == expected

def test_decrease_increase_list():
    numbers = [5, 3, 7, 2, 9]
    expected = [5, 5, 7, 7, 9]
    assert running_max(numbers) == expected 

def test_duplicates():
    numbers = [1, 3, 2, 5, 3, 7]
    expected = [1, 3, 3, 5, 5, 7]
    assert running_max(numbers) == expected
```

This tests empty list, one element list, simple increasing list, a list with decrease and increase, and a list with duplicates. Additional test cases could be added for boundary values and other complex input data. The assert statement compares the actual output to the expected output.","def running_max(numbers):
    running_max = None
    result = []

    for n in numbers:
        if running_max is None:
            running_max = n
        else:
            running_max = max(running_max, n)

        result.append(running_max)

    return result

","import pytest
from program10 import running_max

def test_empty_list():
    numbers = []
    expected = []
    assert running_max(numbers) == expected

def test_one_element_list():
    numbers = [5] 
    expected = [5]
    assert running_max(numbers) == expected

def test_simple_list():
    numbers = [1, 3, 2, 4]
    expected = [1, 3, 3, 4] 
    assert running_max(numbers) == expected

def test_decrease_increase_list():
    numbers = [5, 3, 7, 2, 9]
    expected = [5, 5, 7, 7, 9]
    assert running_max(numbers) == expected 

def test_duplicates():
    numbers = [1, 3, 2, 5, 3, 7]
    expected = [1, 3, 3, 5, 5, 7]
    assert running_max(numbers) == expected",TRUE,5,0,5,100.00,100.00,0.16,0.03
11,"    if not string:
        return ''

    beginning_of_suffix = 0

    while not is_palindrome(string[beginning_of_suffix:]):
        beginning_of_suffix += 1

    return string + string[:beginning_of_suffix][::-1]
","Here are some unit tests for the function using pytest:

```python
def test_empty_string():
    assert make_palindrome('') == ''

def test_palindrome():
    assert make_palindrome('racecar') == 'racecar'  

def test_add_characters():
    assert make_palindrome('abc') == 'abccba'

def test_long_string():
    input_str = 'xyzzy'
    expected = 'xyzzyzyx'
    assert make_palindrome(input_str) == expected

import pytest

@pytest.fixture
def input_strings():
    return ['', 'racecar', 'abc', 'xyzzy']

@pytest.fixture
def expected_outputs():
    return ['', 'racecar', 'abccba', 'xyzzyzyx']

def test_make_palindrome(input_strings, expected_outputs):
    for input_str, expected in zip(input_strings, expected_outputs):
        assert make_palindrome(input_str) == expected
```

The test cases check empty string, string that is already a palindrome, string that requires characters to be added to make a palindrome, and a longer string input. The parameterized test reduces duplication and checks the function over various inputs.","def is_palindrome(string):
    if not string:
        return ''

    beginning_of_suffix = 0

    while not is_palindrome(string[beginning_of_suffix:]):
        beginning_of_suffix += 1

    return string + string[:beginning_of_suffix][::-1]

","import pytest
from program11 import make_palindrome

def test_empty_string():
    assert make_palindrome('') == ''

def test_palindrome():
    assert make_palindrome('racecar') == 'racecar'  

def test_add_characters():
    assert make_palindrome('abc') == 'abccba'

def test_long_string():
    input_str = 'xyzzy'
    expected = 'xyzzyzyx'
    assert make_palindrome(input_str) == expected

@pytest.fixture
def input_strings():
    return ['', 'racecar', 'abc', 'xyzzy']

@pytest.fixture
def expected_outputs():
    return ['', 'racecar', 'abccba', 'xyzzyzyx']

def test_make_palindrome(input_strings, expected_outputs):
    for input_str, expected in zip(input_strings, expected_outputs):
        assert make_palindrome(input_str) == expected",,-,-,0,-,-,-,-
12,"    def xor(i, j):
        if i == j:
            return '0'
        else:
            return '1'

    return ''.join(xor(x, y) for x, y in zip(a, b))
","Here are some pytest unit tests for the xor function:

```python
import pytest

def test_xor_equal_inputs():
    assert xor(0, 0) == '0'
    assert xor(1, 1) == '0'

def test_xor_different_inputs():
    assert xor(0, 1) == '1'
    assert xor(1, 0) == '1'

def test_xor_with_strings():
    with pytest.raises(TypeError):
        xor('a', 'b')

@pytest.mark.parametrize(""a,b,expected"", [
    ([0, 1, 0, 1], [0, 1, 1, 0], ""0101""),
    ([1, 0, 1], [1, 1, 0], ""110"") 
])
def test_xor_lists(a, b, expected):
    assert xor(a, b) == expected
```

The first three tests validate the base cases of the xor function with different inputs. The parameterized test generates multiple test cases using different lists to validate the list functionality. Some key things being tested:

- Equal inputs return '0'
- Different inputs return '1' 
- Invalid input types raise exceptions
- It works properly with lists by xoring elements at each index

This provides a decent set of validation for the core xor logic. Additional cases could be added","def xor(i, j):
    if i == j:
        return '0'
    else:
        return '1'

    return ''.join(xor(x, y) for x, y in zip(a, b))

","from program12 import xor
import pytest

def test_xor_equal_inputs():
    assert xor(0, 0) == '0'
    assert xor(1, 1) == '0'

def test_xor_different_inputs():
    assert xor(0, 1) == '1'
    assert xor(1, 0) == '1'

def test_xor_with_strings():
    with pytest.raises(TypeError):
        xor('a', 'b')

@pytest.mark.parametrize(""a,b,expected"", [
    ([0, 1, 0, 1], [0, 1, 1, 0], ""0101""),
    ([1, 0, 1], [1, 1, 0], ""110"") 
])
def test_xor_lists(a, b, expected):
    assert xor(a, b) == expected",,2,3,5,40.00,100.00,0.18,0.04
13,"    if not strings:
        return None

    maxlen = max(len(x) for x in strings)
    for s in strings:
        if len(s) == maxlen:
            return s
","Here is the test code using Pytest:

```python
import pytest

def longest(strings):
    if not strings:
        return None

    maxlen = max(len(x) for x in strings) 
    for s in strings:
        if len(s) == maxlen:
            return s

def test_longest():
    assert longest([""a"", ""bb"", ""ccc""]) == ""ccc""
    assert longest([""aaa"", ""bb"", ""c""]) == ""aaa""
    assert longest([""aa"", ""bbbb"", ""cc""]) == ""bbbb""
    assert longest([]) == None
    assert longest([""a""]) == ""a""
```

The test cases:

- Check longest on a list with multiple strings, expect the longest string
- Check longest on a list where the first string is the longest 
- Check longest on a list where the middle string is the longest
- Check longest on empty list, expect None
- Check longest on list with one string, expect that string

Using pytest, these tests can be run by simply executing `pytest test_longest.py` in the terminal. Pytest will find and execute the test functions automatically.","def longest(strings):
    if not strings:
        return None

    maxlen = max(len(x) for x in strings) 
    for s in strings:
        if len(s) == maxlen:
            return s","
from program13 import longest
import pytest

def test_longest():
    assert longest([""a"", ""bb"", ""ccc""]) == ""ccc""
    assert longest([""aaa"", ""bb"", ""c""]) == ""aaa""
    assert longest([""aa"", ""bbbb"", ""cc""]) == ""bbbb""
    assert longest([]) == None
    assert longest([""a""]) == ""a""
",TRUE,1,0,1,100.00,96.00,0.13,0.13
14,"    while b:
        a, b = b, a % b
    return a
","def test_gcd():
    from math import gcd
    
    def my_gcd(a, b):
        while b:
            a, b = b, a % b
        return a
    
    test_cases = [
        (12, 18, 6),
        (10, 5, 5), 
        (7, 3, 1)
    ]
    
    for a, b, expected in test_cases:
        assert my_gcd(a, b) == expected
        
Here is an explanation of the unit test:

- I first imported math.gcd to have the built-in GCD function to compare against 
- Defined a test_gcd function that will contain the tests
- Created a my_gcd function that matches the provided code
- Created some test cases with inputs and expected outputs
- Iterate through the test cases, calling my_gcd with the provided inputs and checking if the output matches the expected GCD
- Use pytest assert to compare the results  

This checks the logic of the my_gcd function against known inputs and outputs. Additional cases could be added for more thorough testing.","def my_gcd(a, b):
        while b:
            a, b = b, a % b
        return a","from program14 import my_gcd

def test_gcd():
    
    test_cases = [
        (12, 18, 6),
        (10, 5, 5), 
        (7, 3, 1)
    ]
    
    for a, b, expected in test_cases:
        assert my_gcd(a, b) == expected
",TRUE,1,0,1,100.00,100.00,0.12,0.12
15,"    result = []

    for i in range(len(string)):
        result.append(string[:i+1])
    return result
","Here are some pytest unit tests for the function:

```python
def string_subsets(string):
    result = []

    for i in range(len(string)):
        result.append(string[:i+1])
    return result


def test_empty_string():
    assert string_subsets("""") == [""""]

def test_single_char():
    assert string_subsets(""a"") == ["""", ""a""]

def test_multiple_chars():
    assert string_subsets(""abc"") == ["""", ""a"", ""ab"", ""abc""]  

def test_duplicate_chars():
    assert string_subsets(""aaa"") == ["""", ""a"", ""aa"", ""aaa""]

```

The tests check the function with:

- An empty string
- A single character string 
- A multiple character string
- A string with duplicate characters

This covers some basic cases to verify the function is working as expected. Additional tests could be added for more complex input arguments. The tests assert that the function returns the expected substring lists.","def string_subsets(string):
    result = []

    for i in range(len(string)):
        result.append(string[:i+1])
    return result","from program15 import string_subsets


def test_empty_string():
    assert string_subsets("""") == [""""]

def test_single_char():
    assert string_subsets(""a"") == ["""", ""a""]

def test_multiple_chars():
    assert string_subsets(""abc"") == ["""", ""a"", ""ab"", ""abc""]  

def test_duplicate_chars():
    assert string_subsets(""aaa"") == ["""", ""a"", ""aa"", ""aaa""]",FALSE,0,4,4,0.00,100.00,0.42,0.11
16,"    return ' '.join([str(x) for x in range(n + 1)])
","def test_join_range():
    # Basic test
    assert join_range(5) == ""0 1 2 3 4 5""
    
    # Test with 0
    assert join_range(0) == ""0""
    
    # Test with negative number
    try:
        join_range(-1)
        assert False, ""Did not raise ValueError""
    except ValueError:
        assert True
        
    # Test with non-integer    
    try:
        join_range(5.5)
        assert False, ""Did not raise TypeError""
    except TypeError:
        assert True

The key components I have added:

- Assert the output matches the expected string for a valid input 
- Test with input 0
- Test with negative input to validate ValueError is raised
- Test with float input to validate TypeError is raised

This covers some basic valid and invalid test cases for this function. Additional cases could be added for more robust testing if needed.","def join_range(n):
    return ' '.join([str(x) for x in range(n + 1)])

","from program16 import join_range

def test_join_range():
    # Basic test
    assert join_range(5) == ""0 1 2 3 4 5""
    
    # Test with 0
    assert join_range(0) == ""0""
    
    # Test with negative number
    try:
        join_range(-1)
        assert False, ""Did not raise ValueError""
    except ValueError:
        assert True
        
    # Test with non-integer    
    try:
        join_range(5.5)
        assert False, ""Did not raise TypeError""
    except TypeError:
        assert True
",FALSE,0,1,1,0.00,67.00,0.14,0.14
17,"    return len(set(string.lower()))
","Here is the function to test followed by sample pytest test cases:

```python
def count_unique_letters(string):
    """"""Count unique letters in a string""""""
    return len(set(string.lower()))

import pytest

def test_empty_string():
    assert count_unique_letters("""") == 0

def test_single_letter():
    assert count_unique_letters(""a"") == 1

def test_duplicate_letters():
    assert count_unique_letters(""hello"") == 2

def test_Different_cases():
    assert count_unique_letters(""HeLlo"") == 2 

def test_with_spaces():
    assert count_unique_letters(""Hi There"") == 5

def test_with_punctuation():
    assert count_unique_letters(""Hi, there!"") == 7
    
def test_with_numbers():
    assert count_unique_letters(""CS50 2023"") == 9
```

This tests empty strings, single letters, duplicate letters, different cases, strings with spaces, punctuation and numbers. Additional test cases could be added for different string lengths, unicode characters etc. to improve coverage.","def count_unique_letters(string):
    """"""Count unique letters in a string""""""
    return len(set(string.lower()))","from program17 import count_unique_letters
import pytest

def test_empty_string():
    assert count_unique_letters("""") == 0

def test_single_letter():
    assert count_unique_letters(""a"") == 1

def test_duplicate_letters():
    assert count_unique_letters(""hello"") == 2

def test_Different_cases():
    assert count_unique_letters(""HeLlo"") == 2 

def test_with_spaces():
    assert count_unique_letters(""Hi There"") == 5

def test_with_punctuation():
    assert count_unique_letters(""Hi, there!"") == 7
    
def test_with_numbers():
    assert count_unique_letters(""CS50 2023"") == 9",FALSE,2,5,7,28.57,100.00,0.27,0.04
18,"    note_map = {'o': 4, 'o|': 2, '.|': 1}
    return [note_map[x] for x in music_string.split(' ') if x]
","Here is an example test suite using pytest:

```python
def get_note_durations(music_string):
    note_map = {'o': 4, 'o|': 2, '.|': 1} 
    return [note_map[x] for x in music_string.split(' ') if x]

def test_empty_string():
    assert get_note_durations('') == []

def test_single_note():
    assert get_note_durations('o') == [4]

def test_two_notes():
    assert get_note_durations('o o|') == [4, 2]  

def test_unknown_note():
    with pytest.raises(KeyError):
        get_note_durations('x')

def test_spaces():
    assert get_note_durations('o .| o|') == [4, 1, 2]
```

This tests:
- An empty string 
- A string with one valid note 
- A string with multiple valid notes
- An invalid note raises a KeyError
- Handles spaces between notes

We can add more test cases for additional validation as needed.","def get_note_durations(music_string):
    note_map = {'o': 4, 'o|': 2, '.|': 1} 
    return [note_map[x] for x in music_string.split(' ') if x]","from program18 import get_note_durations
import pytest

def test_empty_string():
    assert get_note_durations('') == []

def test_single_note():
    assert get_note_durations('o') == [4]

def test_two_notes():
    assert get_note_durations('o o|') == [4, 2]  

def test_unknown_note():
    with pytest.raises(KeyError):
        get_note_durations('x')

def test_spaces():
    assert get_note_durations('o .| o|') == [4, 1, 2]",TRUE,5,0,5,100.00,100.00,0.16,0.03
19,"    times = 0

    for i in range(len(string) - len(substring) + 1):
        if string[i:i+len(substring)] == substring:
            times += 1

    return times
","Here are some unit tests for the code using pytest:

```python
def test_substring_count():
    string = ""hello world""
    substring = ""o""
    assert substring_count(string, substring) == 2

def test_substring_count_not_found():
    string = ""hello world"" 
    substring = ""x""
    assert substring_count(string, substring) == 0
    
def test_empty_string():
    string = """"
    substring = ""x"" 
    assert substring_count(string, substring) == 0
    
def test_empty_substring():
    string = ""hello""
    substring = """"
    assert substring_count(string, substring) == 6

def test_longer_substring_than_string():
    string = ""hi""
    substring = ""hello"" 
    assert substring_count(string, substring) == 0
```

This tests some key cases:
- Normal case with matches 
- Substring not found
- Empty string 
- Empty substring
- Substring longer than string

Using different input combinations like this helps verify the code handles different situations properly. More test cases could be added for additional coverage.","def substring_count(string, substring):
    times = 0

    for i in range(len(string) - len(substring) + 1):
        if string[i:i+len(substring)] == substring:
            times += 1

    return times

","from program19 import substring_count
import pytest

def test_substring_count():
    string = ""hello world""
    substring = ""o""
    assert substring_count(string, substring) == 2

def test_substring_count_not_found():
    string = ""hello world"" 
    substring = ""x""
    assert substring_count(string, substring) == 0
    
def test_empty_string():
    string = """"
    substring = ""x"" 
    assert substring_count(string, substring) == 0
    
def test_empty_substring():
    string = ""hello""
    substring = """"
    assert substring_count(string, substring) == 6

def test_longer_substring_than_string():
    string = ""hi""
    substring = ""hello"" 
    assert substring_count(string, substring) == 0",TRUE,5,0,5,100.00,100.00,0.19,0.04
20,"    value_map = {
        'zero': 0,
        'one': 1,
        'two': 2,
        'three': 3,
        'four': 4,
        'five': 5,
        'six': 6,
        'seven': 7,
        'eight': 8,
        'nine': 9
    }
    return ' '.join(sorted([x for x in numbers.split(' ') if x], key=lambda x: value_map[x]))
","   Here are some Pytest unit tests for the function:

```python
import pytest

@pytest.fixture
def numbers():
    return ""nine two five three""

def test_empty_string(numbers):
    numbers = """"
    assert sort_numbers(numbers) == """"

def test_single_number(numbers):
    numbers = ""five"" 
    assert sort_numbers(numbers) == ""five""

def test_multiple_numbers(numbers):
    assert sort_numbers(numbers) == ""three five nine""

def test_invalid_number(numbers):
    numbers = ""nine two invalid three""
    with pytest.raises(KeyError):
        sort_numbers(numbers)
```

The test cases check empty string, single number, multiple numbers, and invalid number cases. pytest fixtures are used to provide test input data. Assertions validate the expected output. An exception check makes sure invalid numbers raise KeyError. This provides a basic set of unit tests for the sort_numbers function. Additional cases could be added for more coverage.","def sort_numbers(numbers):
    value_map = {
        'zero': 0,
        'one': 1,
        'two': 2,
        'three': 3,
        'four': 4,
        'five': 5,
        'six': 6,
        'seven': 7,
        'eight': 8,
        'nine': 9
    }
    return ' '.join(sorted([x for x in numbers.split(' ') if x], key=lambda x: value_map[x]))

","from program20 import sort_numbers
import pytest

@pytest.fixture
def numbers():
    return ""nine two five three""

def test_empty_string(numbers):
    numbers = """"
    assert sort_numbers(numbers) == """"

def test_single_number(numbers):
    numbers = ""five"" 
    assert sort_numbers(numbers) == ""five""

def test_multiple_numbers(numbers):
    assert sort_numbers(numbers) == ""three five nine""

def test_invalid_number(numbers):
    numbers = ""nine two invalid three""
    with pytest.raises(KeyError):
        sort_numbers(numbers)",FALSE,3,1,4,75.00,100.00,0.21,0.05
21,"    closest_pair = None
    distance = None

    for idx, elem in enumerate(numbers):
        for idx2, elem2 in enumerate(numbers):
            if idx != idx2:
                if distance is None:
                    distance = abs(elem - elem2)
                    closest_pair = tuple(sorted([elem, elem2]))
                else:
                    new_distance = abs(elem - elem2)
                    if new_distance < distance:
                        distance = new_distance
                        closest_pair = tuple(sorted([elem, elem2]))

    return closest_pair
","Here are some pytest test cases for the code:

```python
import pytest


def test_empty_list():
    numbers = []
    assert closest_pair(numbers) is None


def test_single_element_list():
    numbers = [1] 
    assert closest_pair(numbers) is None
    

def test_two_element_list():
    numbers = [1, 2]
    assert closest_pair(numbers) == (1, 2)

    
def test_simple_list():
    numbers = [1, 3, 5, 7]
    assert closest_pair(numbers) == (3, 5)


def test_duplicate_elements():
    numbers = [1, 3, 3, 7]
    assert closest_pair(numbers) in [(1, 3), (3, 7)]

    
@pytest.mark.parametrize(""numbers, expected"", [
    ([1, 2, 5, 9, 10], (2, 5)),
    ([-5, -3, 0, 4, 9], (-3, 0))  
])    
def test_various_lists(numbers, expected):
    assert closest_pair(numbers) == expected
```

This tests some basic cases like empty list, single element, two elements, simple list, duplicates, and some parametrized tests for different inputs. We check if the function returns the expected closest pair.","def closest_pair(numbers):
    closest_pair = None
    distance = None

    for idx, elem in enumerate(numbers):
        for idx2, elem2 in enumerate(numbers):
            if idx != idx2:
                if distance is None:
                    distance = abs(elem - elem2)
                    closest_pair = tuple(sorted([elem, elem2]))
                else:
                    new_distance = abs(elem - elem2)
                    if new_distance < distance:
                        distance = new_distance
                        closest_pair = tuple(sorted([elem, elem2]))

    return closest_pair

","from program21 import closest_pair
import pytest


def test_empty_list():
    numbers = []
    assert closest_pair(numbers) is None


def test_single_element_list():
    numbers = [1] 
    assert closest_pair(numbers) is None
    

def test_two_element_list():
    numbers = [1, 2]
    assert closest_pair(numbers) == (1, 2)

    
def test_simple_list():
    numbers = [1, 3, 5, 7]
    assert closest_pair(numbers) == (3, 5)


def test_duplicate_elements():
    numbers = [1, 3, 3, 7]
    assert closest_pair(numbers) in [(1, 3), (3, 7)]

    
@pytest.mark.parametrize(""numbers, expected"", [
    ([1, 2, 5, 9, 10], (2, 5)),
    ([-5, -3, 0, 4, 9], (-3, 0))  
])    
def test_various_lists(numbers, expected):
    assert closest_pair(numbers) == expected",FALSE,3,4,7,42.86,100.00,0.23,0.03
22,"    min_number = min(numbers)
    max_number = max(numbers)
    return [(x - min_number) / (max_number - min_number) for x in numbers]
","Here are some pytest unit tests for the code:

```python
import pytest

def normalize_numbers(numbers):
    min_number = min(numbers)
    max_number = max(numbers)
    return [(x - min_number) / (max_number - min_number) for x in numbers]

def test_empty_list():
    numbers = []
    assert normalize_numbers(numbers) == []

def test_single_number():
    numbers = [5] 
    assert normalize_numbers(numbers) == [1.0]

def test_all_same_number():
    numbers = [5, 5, 5]
    assert normalize_numbers(numbers) == [1.0, 1.0, 1.0]
    
def test_mixed_numbers():
    numbers = [1, 5, 10]
    expected = [0.0, 0.5, 1.0]
    assert normalize_numbers(numbers) == expected

def test_min_max():
    numbers = [-10, 100, 50]
    expected = [0.0, 1.0, 0.6] 
    assert normalize_numbers(numbers) == expected

def test_floating_points():
    numbers = [1.5, 2.5, 3.5]
    expected = [0.0, 0.5, 1.0]
    assert normalize_numbers","def normalize_numbers(numbers):
    min_number = min(numbers)
    max_number = max(numbers)
    return [(x - min_number) / (max_number - min_number) for x in numbers]","from program22 import normalize_numbers
import pytest

def test_empty_list():
    numbers = []
    assert normalize_numbers(numbers) == []

def test_single_number():
    numbers = [5] 
    assert normalize_numbers(numbers) == [1.0]

def test_all_same_number():
    numbers = [5, 5, 5]
    assert normalize_numbers(numbers) == [1.0, 1.0, 1.0]
    
def test_mixed_numbers():
    numbers = [1, 5, 10]
    expected = [0.0, 0.5, 1.0]
    assert normalize_numbers(numbers) == expected

def test_min_max():
    numbers = [-10, 100, 50]
    expected = [0.0, 1.0, 0.6] 
    assert normalize_numbers(numbers) == expected

def test_floating_points():
    numbers = [1.5, 2.5, 3.5]
    expected = [0.0, 0.5, 1.0]
    assert normalize_numbers",FALSE,1,5,6,16.67,100.00,0.40,0.07
23,"    return [x for x in values if isinstance(x, int)]
","```python
import pytest

# Function to test
def filter_ints(values):
    return [x for x in values if isinstance(x, int)]

# Unit tests    
def test_empty_list():
    assert filter_ints([]) == []

def test_no_ints():
    assert filter_ints([""a"", ""b"", ""c""]) == []

def test_mixed_list():
    assert filter_ints([1, ""a"", 2, ""b""]) == [1, 2]
    
def test_all_ints():
    assert filter_ints([1, 2, 3]) == [1, 2, 3]
```

The key points:

- I defined the filter_ints function to test 
- I created several test cases using pytest assertions to validate the behavior:
  - Empty list
  - No ints 
  - Mixed types
  - All ints
- Each test case focuses on a specific scenario and validates the expected output.

The pytest framework will run each test case automatically and report if any failures occur. This allows testing the function thoroughly. Additional cases could be added for further validation as needed.","def filter_ints(values):
    return [x for x in values if isinstance(x, int)]","from program23 import filter_ints
import pytest

# Unit tests    
def test_empty_list():
    assert filter_ints([]) == []

def test_no_ints():
    assert filter_ints([""a"", ""b"", ""c""]) == []

def test_mixed_list():
    assert filter_ints([1, ""a"", 2, ""b""]) == [1, 2]
    
def test_all_ints():
    assert filter_ints([1, 2, 3]) == [1, 2, 3]",TRUE,4,0,4,100.00,100.00,0.20,0.05
24,"    return len(string)
","Here is the function to test:

```python
def string_length(string):
    return len(string)
```

And here are some Pytest test cases:

```python
import pytest

def test_empty_string():
    assert string_length("""") == 0

def test_word():
    assert string_length(""hello"") == 5
    
def test_sentence():
    assert string_length(""This is a sentence"") == 18

def test_non_string():
    with pytest.raises(TypeError):
        string_length(123)
```

This tests:

- An empty string
- A single word 
- A sentence 
- Passing a non-string value

Using Pytest's assertions and checking for expected return values or exceptions. Additional tests could be added for unicode characters, special characters, etc.","def string_length(string):
    return len(string)","from program24 import string_length
import pytest

def test_empty_string():
    assert string_length("""") == 0

def test_word():
    assert string_length(""hello"") == 5
    
def test_sentence():
    assert string_length(""This is a sentence"") == 18

def test_non_string():
    with pytest.raises(TypeError):
        string_length(123)",TRUE,4,0,4,100.00,100.00,0.17,0.04
25,"    for i in reversed(range(n)):
        if n % i == 0:
            return i
","```python

import pytest


def largest_factor(n):
    for i in reversed(range(n)):
        if n % i == 0:
            return i


@pytest.mark.parametrize(""n, expected"", [
    (10, 5), 
    (15, 5),
    (100, 25)  
])
def test_largest_factor(n, expected):
    assert largest_factor(n) == expected
    
def test_negative():
    with pytest.raises(ValueError):
        largest_factor(-10)
        
def test_zero():
    assert largest_factor(0) == 0
```

I have:

- Defined the `largest_factor` function 

- Used `pytest.mark.parametrize` to test with different inputs and expected outputs

- Added a test to check invalid input with `pytest.raises`

- Added a test case for input 0

Let me know if you need any clarification or have additional test cases to cover!","def largest_factor(n):
    for i in reversed(range(n)):
        if n % i == 0:
            return i

","
from program25 import largest_factor
import pytest

@pytest.mark.parametrize(""n, expected"", [
    (10, 5), 
    (15, 5),
    (100, 25)  
])
def test_largest_factor(n, expected):
    assert largest_factor(n) == expected
    
def test_negative():
    with pytest.raises(ValueError):
        largest_factor(-10)
        
def test_zero():
    assert largest_factor(0) == 0",FALSE,2,3,5,40.00,100.00,0.20,0.04
26,"    import math
    fact = []
    i = 2
    while i <= int(math.sqrt(n) + 1):
        if n % i == 0:
            fact.append(i)
            n //= i
        else:
            i += 1

    if n > 1:
        fact.append(n)
    return fact
","Here are some Pytest unit tests for this code:

```python
import math

def get_prime_factors(n):
    """"""Get prime factors of a number""""""
    fact = []
    i = 2
    while i <= int(math.sqrt(n) + 1):
        if n % i == 0:
            fact.append(i)
            n //= i
        else:
            i += 1

    if n > 1:
        fact.append(n)
    return fact

def test_get_prime_factors():
    assert get_prime_factors(10) == [2, 5]
    assert get_prime_factors(15) == [3, 5]
    assert get_prime_factors(100) == [2, 2, 5, 5]
    assert get_prime_factors(89) == [89]
    assert get_prime_factors(1) == []

def test_get_prime_factors_input_validation():
    with pytest.raises(TypeError):
        get_prime_factors(""hello"")
```

The first test function `test_get_prime_factors` checks some different inputs and expected outputs to validate the core logic.

The second test `test_get_prime_factors_input_validation` specifically tests input validation, verifying that a non-integer input raises a `TypeError`.

Additonal tests could be added","import math

def get_prime_factors(n):
    """"""Get prime factors of a number""""""
    fact = []
    i = 2
    while i <= int(math.sqrt(n) + 1):
        if n % i == 0:
            fact.append(i)
            n //= i
        else:
            i += 1

    if n > 1:
        fact.append(n)
    return fact","
from program26 import get_prime_factors
import pytest

def test_get_prime_factors():
    assert get_prime_factors(10) == [2, 5]
    assert get_prime_factors(15) == [3, 5]
    assert get_prime_factors(100) == [2, 2, 5, 5]
    assert get_prime_factors(89) == [89]
    assert get_prime_factors(1) == []

def test_get_prime_factors_input_validation():
    with pytest.raises(TypeError):
        get_prime_factors(""hello"")",TRUE,2,0,2,100.00,100.00,0.19,0.10
27,"    import collections
    c = collections.Counter(numbers)
    return [n for n in numbers if c[n] <= 1]
","Here are some unit tests for the code using pytest:

```python
from collections import Counter

def remove_duplicates(numbers):
    c = Counter(numbers) 
    return [n for n in numbers if c[n] <= 1]

def test_no_duplicates():
    numbers = [1, 2, 3, 4]
    expected = [1, 2, 3, 4]
    assert remove_duplicates(numbers) == expected

def test_with_duplicates():
    numbers = [1, 2, 2, 3, 3, 4]
    expected = [1, 4]
    assert remove_duplicates(numbers) == expected  

def test_empty_list():
    numbers = []
    expected = []
    assert remove_duplicates(numbers) == expected

def test_one_element_list():
    numbers = [1] 
    expected = [1]
    assert remove_duplicates(numbers) == expected
```

The test cases check the function with:

- No duplicates 
- With duplicates
- Empty list
- One element list

This verifies the function works properly in different scenarios. Additional test cases could be added for more complex inputs.","import collections

def remove_duplicates(numbers):
    c = collections.Counter(numbers)
    return [n for n in numbers if c[n] <= 1]

","from program27 import remove_duplicates
from collections import Counter

def remove_duplicates(numbers):
    c = Counter(numbers) 
    return [n for n in numbers if c[n] <= 1]

def test_no_duplicates():
    numbers = [1, 2, 3, 4]
    expected = [1, 2, 3, 4]
    assert remove_duplicates(numbers) == expected

def test_with_duplicates():
    numbers = [1, 2, 2, 3, 3, 4]
    expected = [1, 4]
    assert remove_duplicates(numbers) == expected  

def test_empty_list():
    numbers = []
    expected = []
    assert remove_duplicates(numbers) == expected

def test_one_element_list():
    numbers = [1] 
    expected = [1]
    assert remove_duplicates(numbers) == expected",TRUE,4,0,4,100.00,86.00,0.20,0.05
28,"    return string.swapcase()
","
Here is a Pytest test case for this code:

```python
import pytest


def swap_case(text):
    """"""Swap case of input string""""""
    return text.swapcase()


def test_swap_case():
    assert swap_case(""Hello"") == ""hELLO""
    assert swap_case(""Goodbye"") == ""gOODBYE""
    assert swap_case(""MiXeD cAsE"") == ""mIXeD CAsE""
    assert swap_case("""") == """"
    assert swap_case(""123#@!"") == ""123#@!""
```

The test cases:

- Check that uppercase becomes lowercase and vice versa
- Check behavior with an empty string 
- Check that non-alphabet characters are unchanged

This covers some basic cases to verify that the swap_case function works as expected. Additional test cases could be added for more coverage if needed.","def swap_case(text):
    """"""Swap case of input string""""""
    return text.swapcase()","from program28 import swap_case
import pytest

def test_swap_case():
    assert swap_case(""Hello"") == ""hELLO""
    assert swap_case(""Goodbye"") == ""gOODBYE""
    assert swap_case(""MiXeD cAsE"") == ""mIXeD CAsE""
    assert swap_case("""") == """"
    assert swap_case(""123#@!"") == ""123#@!""",FALSE,0,1,1,0.00,80.00,0.14,0.14
29,"    return ''.join(strings)
","Here is the unit test code using pytest:

```python
import pytest

# Function to test
def concat_strings(strings):
    return ''.join(strings)

# Unit Tests 
def test_concat_empty():
    assert concat_strings([]) == ''

def test_concat_single():
    assert concat_strings(['a']) == 'a'  

def test_concat_multiple():
    assert concat_strings(['a','b','c']) == 'abc'

def test_concat_with_spaces():
    assert concat_strings(['a','b',' ', 'c']) == 'ab c'

```

The test cases:

- Test concatenating an empty list 
- Test concatenating a single element list
- Test concatenating multiple strings
- Test concatenating strings with spaces

I have used pytest assert statements to check if the actual output matches the expected output for different input cases. This covers some basic scenarios to verify the correct working of the concat_strings function. Additional test cases can be added for further validation if required.","def concat_strings(strings):
    return ''.join(strings)","from program29 import concat_strings
import pytest

# Unit Tests 
def test_concat_empty():
    assert concat_strings([]) == ''

def test_concat_single():
    assert concat_strings(['a']) == 'a'  

def test_concat_multiple():
    assert concat_strings(['a','b','c']) == 'abc'

def test_concat_with_spaces():
    assert concat_strings(['a','b',' ', 'c']) == 'ab c'",TRUE,4,0,4,100.00,100.00,0.43,0.11
30,"    return [x for x in strings if x.startswith(prefix)]
","   def test_startswith():
	 strings =  ['apple', 'banana', 'cat']
         
     prefix = 'ap'
     expected = ['apple']
   
     result = func(strings, prefix)
	 assert result == expected
   
     prefix = 'b'
     expected = ['banana']
     result = func(strings, prefix)
     assert result == expected

     prefix = 'xyz'
     expected = []
     result = func(strings, prefix) 
     assert result == expected

This defines a test function test_startswith() that tests the function with different inputs by:

1. Defining some sample input strings and expected outputs
2. Calling the function under test with different prefix values 
3. Asserting the result matches the expected output

It checks the function works correctly when:
- The prefix matches the start of some strings
- The prefix only matches one string 
- The prefix matches no strings

So this provides a basic set of unit tests with different test cases to validate the function's behavior. Additional tests could be added for more complex inputs.","def func(strings, prefix):
    return [x for x in strings if x.startswith(prefix)]

","from program30 import func

def test_startswith():
	strings =  ['apple', 'banana', 'cat']
	prefix = 'ap'
	expected = ['apple']
	result = func(strings, prefix)
   assert result == expected
   prefix = 'b'
   expected = ['banana']
   result = func(strings, prefix)
   assert result == expected
   prefix = 'xyz' 
   expected = []
   result = func(strings, prefix) 
   assert result == expected",,-,-,0,-,-,-,-
31,"    return [e for e in l if e > 0]
","Here is the function to test along with some sample pytest unit tests:

```python
def positive_list(l):
    return [e for e in l if e > 0]


import pytest


@pytest.mark.parametrize(""l,expected"", [
    ([1, 2, 3], [1, 2, 3]),
    ([1, -2, 3], [1, 3]),
    ([-1, -2, -3], []),
])
def test_positive_list(l, expected):
    assert positive_list(l) == expected


def test_empty_list():
    assert positive_list([]) == []


def test_none_list(): 
    with pytest.raises(TypeError):
        positive_list(None)
```

The test cases check the function with different input lists, including normal positive numbers, mixed positive/negative numbers, all negative numbers, empty list and None. pytest.raises is used to check for exception on invalid input. This covers a variety of test scenarios for this simple function. Additional cases could be added if needed.","def positive_list(l):
    return [e for e in l if e > 0]","from program31 import positive_list
import pytest


@pytest.mark.parametrize(""l,expected"", [
    ([1, 2, 3], [1, 2, 3]),
    ([1, -2, 3], [1, 3]),
    ([-1, -2, -3], []),
])
def test_positive_list(l, expected):
    assert positive_list(l) == expected


def test_empty_list():
    assert positive_list([]) == []


def test_none_list(): 
    with pytest.raises(TypeError):
        positive_list(None)",TRUE,5,0,5,100.00,100.00,0.21,0.04
32,"    if n < 2:
        return False
    for k in range(2, n - 1):
        if n % k == 0:
            return False
    return True
","import pytest
    def is_prime(n):
        if n < 2:
            return False
        for k in range(2, n - 1):
            if n % k == 0:
                return False
        return True

    def test_is_prime():
        assert is_prime(2) == True
        assert is_prime(3) == True
        assert is_prime(4) == False
        assert is_prime(5) == True
        assert is_prime(6) == False
        assert is_prime(7) == True
        assert is_prime(8) == False
        assert is_prime(9) == False
        assert is_prime(11) == True
        assert is_prime(13) == True
        assert is_prime(15) == False
        
   ","def is_prime(n):
    if n < 2:
        return False
    for k in range(2, n - 1):
        if n % k == 0:
            return False
    return True

","from program32 import is_prime
import pytest

def test_is_prime():
        assert is_prime(2) == True
        assert is_prime(3) == True
        assert is_prime(4) == False
        assert is_prime(5) == True
        assert is_prime(6) == False
        assert is_prime(7) == True
        assert is_prime(8) == False
        assert is_prime(9) == False
        assert is_prime(11) == True
        assert is_prime(13) == True
        assert is_prime(15) == False",TRUE,1,0,1,100.00,93.00,0.44,0.44
33,"    begin, end = -1., 1.
    while poly(xs, begin) * poly(xs, end) > 0:
        begin *= 2.0
        end *= 2.0
    while end - begin > 1e-10:
        center = (begin + end) / 2.0
        if poly(xs, center) * poly(xs, begin) > 0:
            begin = center
        else:
            end = center
    return begin
","Here are Pytest unit tests for this code:

```python
import pytest

def poly(xs, x):
    """"""Sample polynomial function""""""
    return sum(c * (x**i) for i, c in enumerate(xs))

def test_bisect():
    xs = [1, -2, 3]
    
    # Basic test with known root
    assert bisect(xs) == pytest.approx(-1)
    
    # Root at lower bound
    xs = [1, -1] 
    assert bisect(xs) == pytest.approx(-1)
    
    # Root at upper bound 
    xs = [1, 1]
    assert bisect(xs) == pytest.approx(1)
    
    # No sign change -> ValueError
    xs = [1, 2, 3] 
    with pytest.raises(ValueError):
        bisect(xs)

def bisect(xs):
    """"""Implementation of bisection algorithm""""""
    begin, end = -1., 1.
    while poly(xs, begin) * poly(xs, end) > 0:
        begin *= 2.0
        end *= 2.0
    while end - begin > 1e-10:
        center = (begin + end) / 2.0
        if poly(xs, center) * poly(xs, begin) > 0:
            begin = center
        else:
            end = center
    return begin
```

The key things tested:

- Finding a","def bisect(xs):
    """"""Implementation of bisection algorithm""""""
    begin, end = -1., 1.
    while poly(xs, begin) * poly(xs, end) > 0:
        begin *= 2.0
        end *= 2.0
    while end - begin > 1e-10:
        center = (begin + end) / 2.0
        if poly(xs, center) * poly(xs, begin) > 0:
            begin = center
        else:
            end = center
    return begin

def poly(xs, x):
    """"""Sample polynomial function""""""
    return sum(c * (x**i) for i, c in enumerate(xs))","from program33 import bisect, poly
import pytest

def test_bisect():
    xs = [1, -2, 3]
    
    # Basic test with known root
    assert bisect(xs) == pytest.approx(-1)
    
    # Root at lower bound
    xs = [1, -1] 
    assert bisect(xs) == pytest.approx(-1)
    
    # Root at upper bound 
    xs = [1, 1]
    assert bisect(xs) == pytest.approx(1)
    
    # No sign change -> ValueError
    xs = [1, 2, 3] 
    with pytest.raises(ValueError):
        bisect(xs)
",FALSE,0,1,1,0.00,43.00,0.37,0.37
34,"    l = list(l)
    l[::3] = sorted(l[::3])
    return l
"," Here are Pytest unit tests for that function:

```python
import pytest

def sort_list_every_third(l):
    l = list(l)
    l[::3] = sorted(l[::3])
    return l

def test_empty_list():
    assert sort_list_every_third([]) == []

def test_single_element_list():
    assert sort_list_every_third([1]) == [1]
    
def test_already_sorted():
    test_list = [1,2,3,4,5,6]
    assert sort_list_every_third(test_list) == test_list
    
def test_unsorted_list():
    test_list = [3,1,2,6,5,4] 
    assert sort_list_every_third(test_list) == [1,2,3,6,5,4]
    
def test_mixed_types():
    test_list = [3,""a"",2,6,5,4]
    with pytest.raises(TypeError):
        sort_list_every_third(test_list)
        
def test_non_iterable():
    with pytest.raises(TypeError):
        sort_list_every_third(5)
```

This tests:
- Empty list
- Single element list 
- Already sorted list","def sort_list_every_third(l):
    l = list(l)
    l[::3] = sorted(l[::3])
    return l","
from program34 import sort_list_every_third
import pytest

def test_empty_list():
    assert sort_list_every_third([]) == []

def test_single_element_list():
    assert sort_list_every_third([1]) == [1]
    
def test_already_sorted():
    test_list = [1,2,3,4,5,6]
    assert sort_list_every_third(test_list) == test_list
    
def test_unsorted_list():
    test_list = [3,1,2,6,5,4] 
    assert sort_list_every_third(test_list) == [1,2,3,6,5,4]
    
def test_mixed_types():
    test_list = [3,""a"",2,6,5,4]
    with pytest.raises(TypeError):
        sort_list_every_third(test_list)
        
def test_non_iterable():
    with pytest.raises(TypeError):
        sort_list_every_third(5)",FALSE,4,2,6,66.67,100.00,0.35,0.06
35,"    return sorted(list(set(l)))
","Here is the function followed by some sample pytest test cases:

```python
def remove_duplicates(l):
    return sorted(list(set(l)))

import pytest

def test_empty_list():
    assert remove_duplicates([]) == []

def test_no_duplicates():
    assert remove_duplicates([1, 2, 3]) == [1, 2, 3]  

def test_with_duplicates():
    assert remove_duplicates([1, 2, 2, 3]) == [1, 2, 3]

def test_with_strings():
    assert remove_duplicates([""b"", ""a"", ""c"", ""a""]) == [""a"", ""b"", ""c""]

def test_mixed_types():
    assert remove_duplicates([1, ""a"", 2, ""b""]) == [1, 2, ""a"", ""b""] 
```

The test cases check empty lists, lists with no duplicates, lists with duplicates, lists of strings, and lists with mixed types. They validate the sorting and removal of duplicates are working properly. Additional test cases could be added for more complex inputs.","def remove_duplicates(l):
    return sorted(list(set(l)))","from program35 import remove_duplicates
import pytest

def test_empty_list():
    assert remove_duplicates([]) == []

def test_no_duplicates():
    assert remove_duplicates([1, 2, 3]) == [1, 2, 3]  

def test_with_duplicates():
    assert remove_duplicates([1, 2, 2, 3]) == [1, 2, 3]

def test_with_strings():
    assert remove_duplicates([""b"", ""a"", ""c"", ""a""]) == [""a"", ""b"", ""c""]

def test_mixed_types():
    assert remove_duplicates([1, ""a"", 2, ""b""]) == [1, 2, ""a"", ""b""] ",FALSE,4,1,5,80.00,100.00,0.30,0.06
36,"    m = l[0]
    for e in l:
        if e > m:
            m = e
    return m
","Here is a set of pytest unit tests for the code:

```python
def max_element(l):
    m = l[0]
    for e in l:
        if e > m:
            m = e
    return m


def test_max_empty_list():
    assert max_element([]) == None

def test_single_element():
    assert max_element([5]) == 5
    
def test_max_first():
    assert max_element([8, 6, 7, 5, 3, 0, 9]) == 9

def test_max_last():
    assert max_element([1, 3, 2, 5]) == 5
    
def test_max_middle():
    assert max_element([3, 5, 8, 2, 1]) == 8

def test_max_duplicates():
    assert max_element([5, 7, 5, 6]) == 7
    
def test_max_negatives():
    assert max_element([-5, -3, -2]) == -2
```

This tests various cases like empty list, single element list, max at beginning/end/middle, list with duplicates, negatives, etc. to validate the max_element function works as expected. Let me know if you need any other test cases!","def max_element(l):
    m = l[0]
    for e in l:
        if e > m:
            m = e
    return m","from program36 import max_element
import pytest

def test_max_empty_list():
    assert max_element([]) == None

def test_single_element():
    assert max_element([5]) == 5
    
def test_max_first():
    assert max_element([8, 6, 7, 5, 3, 0, 9]) == 9

def test_max_last():
    assert max_element([1, 3, 2, 5]) == 5
    
def test_max_middle():
    assert max_element([3, 5, 8, 2, 1]) == 8

def test_max_duplicates():
    assert max_element([5, 7, 5, 6]) == 7
    
def test_max_negatives():
    assert max_element([-5, -3, -2]) == -2",FALSE,6,1,7,85.71,100.00,0.50,0.07
37,"    ns = []
    for i in range(n):
        if i % 11 == 0 or i % 13 == 0:
            ns.append(i)
    s = ''.join(list(map(str, ns)))
    ans = 0
    for c in s:
        ans += (c == '7')
    return ans
","Here are some unit tests for this code using pytest:

```python
def test_empty():
    n = 0
    assert count_sevens_in_multiples(n) == 0

def test_no_sevens():
    n = 12 
    assert count_sevens_in_multiples(n) == 0
    
def test_one_seven():
    n = 77
    assert count_sevens_in_multiples(n) == 1
    
def test_multiple_sevens():
    n = 300
    assert count_sevens_in_multiples(n) == 2
```

The test cases check the function with:

- An empty input (no multiples in range) 
- No multiples containing 7 
- One multiple containing 7
- Multiple multiples containing 7

This provides basic coverage of the different code paths - no matches, single match, multiple matches. Additional tests could be added for different input ranges and expected outputs.","def count_sevens_in_multiples(n):
    ns = []
    for i in range(n):
        if i % 11 == 0 or i % 13 == 0:
            ns.append(i)
    s = ''.join(list(map(str, ns)))
    ans = 0
    for c in s:
        ans += (c == '7')
    return ans

","from program37 import count_sevens_in_multiples
import pytest

def test_empty():
    n = 0
    assert count_sevens_in_multiples(n) == 0

def test_no_sevens():
    n = 12 
    assert count_sevens_in_multiples(n) == 0
    
def test_one_seven():
    n = 77
    assert count_sevens_in_multiples(n) == 1
    
def test_multiple_sevens():
    n = 300
    assert count_sevens_in_multiples(n) == 2",FALSE,2,2,4,50.00,100.00,0.34,0.09
38,"    evens = l[::2]
    odds = l[1::2]
    evens.sort()
    ans = []
    for e, o in zip(evens, odds):
        ans.extend([e, o])
    if len(evens) > len(odds):
        ans.append(evens[-1])
    return ans
","Here are some pytest unit tests for the function:

```python
import pytest

def sort_even_odd(l):
    evens = l[::2]
    odds = l[1::2] 
    evens.sort()
    ans = []
    for e, o in zip(evens, odds):
        ans.extend([e, o]) 
    if len(evens) > len(odds):
        ans.append(evens[-1])
    return ans

def test_basic():
    assert sort_even_odd([5, 3, 2, 8, 1, 4]) == [2, 3, 4, 5, 8, 1]

def test_single_list():
    assert sort_even_odd([3]) == [3]

def test_empty_list():
    assert sort_even_odd([]) == []

def test_already_sorted():
    assert sort_even_odd([2, 1, 4, 3]) == [2, 1, 4, 3] 

def test_more_evens():
    assert sort_even_odd([2, 1, 4, 3, 8]) == [2, 1, 4, 3, 8]

def test_more_odds():
    assert sort_even_odd([5, 3]) == [3, 5]
```

This tests some basic cases, empty and","def sort_even_odd(l):
    evens = l[::2]
    odds = l[1::2] 
    evens.sort()
    ans = []
    for e, o in zip(evens, odds):
        ans.extend([e, o]) 
    if len(evens) > len(odds):
        ans.append(evens[-1])
    return ans","
from program38 import sort_even_odd
import pytest

def test_basic():
    assert sort_even_odd([5, 3, 2, 8, 1, 4]) == [2, 3, 4, 5, 8, 1]

def test_single_list():
    assert sort_even_odd([3]) == [3]

def test_empty_list():
    assert sort_even_odd([]) == []

def test_already_sorted():
    assert sort_even_odd([2, 1, 4, 3]) == [2, 1, 4, 3] 

def test_more_evens():
    assert sort_even_odd([2, 1, 4, 3, 8]) == [2, 1, 4, 3, 8]

def test_more_odds():
    assert sort_even_odd([5, 3]) == [3, 5]",FALSE,4,2,6,66.67,100.00,0.20,0.03
39,"    return encode_cyclic(encode_cyclic(s))
","Here is the function to test:

```python
def encode(s: str) -> str:
    """"""Encodes a string by applying cyclic encoding twice""""""
    return encode_cyclic(encode_cyclic(s))

def encode_cyclic(text: str) -> str:
    """"""Encodes a string using cyclic encoding""""""
    encoded = """"
    for char in text:
        encoded += chr(ord(char) + 1)
    return encoded
```

And here are some pytest test cases:

```python
import pytest

def test_encode_empty_string():
    assert encode("""") == """"

def test_encode_single_character():
    assert encode(""a"") == ""c""

def test_encode_word():
    assert encode(""foo"") == ""hqq""

def test_encode_sentence():
    assert encode(""This is a test"") == ""Uijt!jt!b!uftu""

def test_encode_cyclic():
    assert encode(""z"") == ""b""
    assert encode(""Z"") == ""B""

def test_decode_encode():
    text = ""Hello World""
    encoded = encode(text)
    assert encode(encoded) == text
```

This tests encoding of empty string, single characters, words, sentences, cyclic encoding around 'z', and round-trip encoding/decoding","def encode(s: str) -> str:
    """"""Encodes a string by applying cyclic encoding twice""""""
    return encode_cyclic(encode_cyclic(s))

def encode_cyclic(text: str) -> str:
    """"""Encodes a string using cyclic encoding""""""
    encoded = """"
    for char in text:
        encoded += chr(ord(char) + 1)
    return encoded","from program39 import encode
import pytest

def test_encode_empty_string():
    assert encode("""") == """"

def test_encode_single_character():
    assert encode(""a"") == ""c""

def test_encode_word():
    assert encode(""foo"") == ""hqq""

def test_encode_sentence():
    assert encode(""This is a test"") == ""Uijt!jt!b!uftu""

def test_encode_cyclic():
    assert encode(""z"") == ""b""
    assert encode(""Z"") == ""B""

def test_decode_encode():
    text = ""Hello World""
    encoded = encode(text)
    assert encode(encoded) == text",FALSE,3,3,6,50.00,96.00,0.28,0.05
40,"    import math

    def is_prime(p):
        if p < 2:
            return False
        for k in range(2, min(int(math.sqrt(p)) + 1, p - 1)):
            if p % k == 0:
                return False
        return True
    f = [0, 1]
    while True:
        f.append(f[-1] + f[-2])
        if is_prime(f[-1]):
            n -= 1
        if n == 0:
            return f[-1]
"," def test_is_prime():
    # Test some prime numbers
    assert is_prime(2)
    assert is_prime(3) 
    assert is_prime(5)
    assert is_prime(7)
    
    # Test some non-prime numbers
    assert not is_prime(1)
    assert not is_prime(4)
    assert not is_prime(6)
    assert not is_prime(8)
    
    # Test boundary cases
    assert not is_prime(0)
    assert not is_prime(1)
    assert is_prime(2)
    
def test_fibonacci_prime():
    # Test some expected prime fibonacci numbers
    assert is_prime(fibonacci_prime(0)) == 2
    assert is_prime(fibonacci_prime(1)) == 3
    assert is_prime(fibonacci_prime(2)) == 5
    
    # Test index out of bounds
    try:
        fibonacci_prime(-1)
        assert False # Should raise ValueError
    except ValueError:
        pass
        

This tests some key cases for the is_prime function - primes, non-primes, and edge cases like 0 and 1. It also tests the main fibonacci_prime function to return expected prime fibonacci numbers and validate the index is not out of bounds. More test cases could be added for additional validation if needed.","import math

def is_prime(p):
    if p < 2:
            return False
    for k in range(2, min(int(math.sqrt(p)) + 1, p - 1)):
            if p % k == 0:
                return False
    return True
    f = [0, 1]
    while True:
        f.append(f[-1] + f[-2])
        if is_prime(f[-1]):
            n -= 1
        if n == 0:
            return f[-1]

","from program40 import is_prime
import pytest

def test_is_prime():
    # Test some prime numbers
    assert is_prime(2)
    assert is_prime(3) 
    assert is_prime(5)
    assert is_prime(7)
    
    # Test some non-prime numbers
    assert not is_prime(1)
    assert not is_prime(4)
    assert not is_prime(6)
    assert not is_prime(8)
    
    # Test boundary cases
    assert not is_prime(0)
    assert not is_prime(1)
    assert is_prime(2)
        ",TRUE,1,0,1,100.00,100.00,0.10,0.10
,,,,,,,,,,,,
Total Averages (%),,,,,45.00,,,,,96.11,0.23,0.08